{"cameraMode":{"drawMode":0,"name":"Shaded","section":"Shading Mode"},"sceneLighting":true,"audioPlay":false,"sceneViewState":{"showFog":true,"showMaterialUpdate":false,"showSkybox":true,"showFlares":true,"showImageEffects":true,"showParticleSystems":true,"showVisualEffectGraphs":true,"m_FxEnabled":true},"in2DMode":false,"pivot":{"x":-0.1590200662612915,"y":-1.082289695739746,"z":21.737478256225587},"rotation":{"x":0.10986398905515671,"y":0.004335840232670307,"z":-0.0004899690975435078,"w":0.9939510822296143},"size":22.538131713867189,"orthographic":false}