{"cameraMode":{"drawMode":0,"name":"Shaded","section":"Shading Mode"},"sceneLighting":true,"audioPlay":false,"sceneViewState":{"showFog":true,"showMaterialUpdate":false,"showSkybox":false,"showFlares":true,"showImageEffects":true,"showParticleSystems":true,"showVisualEffectGraphs":true,"m_FxEnabled":true},"in2DMode":false,"pivot":{"x":0.5175471901893616,"y":3.401057004928589,"z":-0.38352012634277346},"rotation":{"x":-0.009597049094736576,"y":0.03149476274847984,"z":0.0002694171853363514,"w":0.9995307326316834},"size":5.995641231536865,"orthographic":false}