{"cameraMode":{"drawMode":0,"name":"Shaded","section":"Shading Mode"},"sceneLighting":true,"audioPlay":false,"sceneViewState":{"showFog":true,"showMaterialUpdate":false,"showSkybox":false,"showFlares":true,"showImageEffects":true,"showParticleSystems":true,"showVisualEffectGraphs":true,"m_FxEnabled":true},"in2DMode":false,"pivot":{"x":-1.9203007221221924,"y":0.3333907127380371,"z":1.1035022735595704},"rotation":{"x":0.1161443367600441,"y":0.005957238841801882,"z":-0.0007045033271424472,"w":0.9932953715324402},"size":6.018195629119873,"orthographic":false}