{"cameraMode":{"drawMode":0,"name":"Shaded","section":"Shading Mode"},"sceneLighting":false,"audioPlay":false,"sceneViewState":{"showFog":true,"showMaterialUpdate":false,"showSkybox":false,"showFlares":true,"showImageEffects":true,"showParticleSystems":true,"showVisualEffectGraphs":true,"m_FxEnabled":true},"in2DMode":false,"pivot":{"x":-0.5204204320907593,"y":-0.5839649438858032,"z":2.4012186527252199},"rotation":{"x":0.13215185701847077,"y":-0.07278939336538315,"z":0.009723981842398644,"w":0.9885231256484985},"size":3.083895206451416,"orthographic":false}